title,category,img,price
"Тент VOREL 75гр/м2,  2х3м (30)",Тенты и накидки,https://images2.exist.ua/media/images/products/2018/12/5332472_60697440.jpg,85
Ремкомплект натяжителя тента,Тенты и накидки,,2180
"Тент vorel 57гр / м2, 2х3м (30)",Тенты и накидки,https://images2.exist.ua/media/images/products/2018/12/5332480_60697431.jpg,
Ремкомплект натяжителя тента,Тенты и накидки,,2180
Ремкомплект натяжителя тента,Тенты и накидки,,2049
Ремкомплект натяжителя тента,Тенты и накидки,,2425
Тент,Тенты и накидки,https://images2.exist.ua/media/images/products/2018/09/4980863_46692723.jpg,7524
Тент,Тенты и накидки,https://images2.exist.ua/media/images/products/2018/09/4980858_23320564.jpg,14261
Ремкомплект натяжителя тента,Тенты и накидки,,2049
Ремкомплект натяжителя тента,Тенты и накидки,,1857
Ремкомплект натяжителя тента,Тенты и накидки,,1857
Тент автомобильный,Тенты и накидки,,1195
Тент автомобильный,Тенты и накидки,,1649
Ремкомплект натяжителя тента,Тенты и накидки,,732
Ремкомплект натяжителя тента,Тенты и накидки,,1857
Ремкомплект натяжителя тента,Тенты и накидки,,732
"Тент VOREL 57гр/м2,  3х5м (20)",Тенты и накидки,https://images2.exist.ua/media/images/products/2019/05/5332481_60697432.jpg,
Тент автомобильный  для легковых автомобилей xl синий,Тенты и накидки,https://images2.exist.ua/media/images/products/3743/59534938/4934504.jpg,
Ремкомплект натяжителя тента,Тенты и накидки,,732
"Тент VOREL 57гр/м2,  4х5м (10)",Тенты и накидки,https://images2.exist.ua/media/images/products/2018/12/5332482_60697433.jpg,
Тент автомобильный,Тенты и накидки,,
Тент автомобильный,Тенты и накидки,https://images2.exist.ua/media/images/products/2018/10/5017467_111129_n9ISDP9.jpg,
Тент автомобильный  XL Серый,Тенты и накидки,https://images2.exist.ua/media/images/products/3743/59534930/4934495.jpg,
"Тент VOREL 90гр/м2,  6x10м (4)",Тенты и накидки,https://images2.exist.ua/media/images/products/2018/12/5332471_60697447.jpg,
"Тент VOREL 75гр/м2,  5х8м (5)",Тенты и накидки,https://images2.exist.ua/media/images/products/2018/12/5332476_60697444.jpg,
"Тент VOREL 75гр/м2,  4х5м (10)",Тенты и накидки,https://images2.exist.ua/media/images/products/2018/12/5332474_60697442.jpg,
"Тент VOREL 75гр/м2,  10х15м (2)",Тенты и накидки,https://images2.exist.ua/media/images/products/2018/12/5332479_60697439.jpg,
Покрытие,Тенты и накидки,https://images2.exist.ua/media/images/products/3221/322368/2185448.jpg,
Тент автомобильный  для внедорожников XL Серый,Тенты и накидки,https://images2.exist.ua/media/images/products/3743/59534935/4934507.jpg,
Тент автомобильный  M Серый,Тенты и накидки,https://images2.exist.ua/media/images/products/3743/59534929/4934492.jpg,
"Тент VOREL 57гр/м2,  4х6м (8)",Тенты и накидки,https://images2.exist.ua/media/images/products/2018/12/5332483_60697434.jpg,
Тент автомобильный  для легковых автомобилей L Синий,Тенты и накидки,https://images2.exist.ua/media/images/products/3743/59534936/4934503.jpg,
"Тент VOREL 75гр/м2,  3х5м (10)",Тенты и накидки,https://images2.exist.ua/media/images/products/2018/12/5332473_60697441.jpg,
"Тент автомобильный 4х4 peva 480х195х155, сумка",Тенты и накидки,https://images2.exist.ua/media/images/products/2019/05/6612421_62818914.jpg,
Тент автомобильный  M Серый,Тенты и накидки,https://images2.exist.ua/media/images/products/3743/59534932/4934502.jpg,
"Тент VOREL 75гр/м2,  4х6м (8)",Тенты и накидки,https://images2.exist.ua/media/images/products/2018/12/5332475_60697443.jpg,
Тент автомобильный,Тенты и накидки,,
Тент автомобильный,Тенты и накидки,,
Тент автомобильный  L Серый,Тенты и накидки,https://images2.exist.ua/media/images/products/3743/59534928/4934489.jpg,
"Тент VOREL 57гр/м2,  8х12м (2)",Тенты и накидки,https://images2.exist.ua/media/images/products/2018/12/5332486_60697437.jpg,
Покрытие,Тенты и накидки,https://images2.exist.ua/media/images/products/3221/322350/2185445.jpg,
Покрытие,Тенты и накидки,https://images2.exist.ua/media/images/products/3221/322356/2185446.jpg,
"Тент VOREL 57гр/м2, 10х15м (2)",Тенты и накидки,https://images2.exist.ua/media/images/products/2018/12/5332487_60697438.jpg,
Тент автомобильный  для внедорожников L Серый,Тенты и накидки,https://images2.exist.ua/media/images/products/3743/59534933/4934505.jpg,
"Тент VOREL 57гр/м2,  5х8м (5)",Тенты и накидки,https://images2.exist.ua/media/images/products/2018/12/5332484_60697435.jpg,
"Тент VOREL 75гр/м2,  6х10м (3)",Тенты и накидки,https://images2.exist.ua/media/images/products/2018/12/5332477_60697445.jpg,
"Тент VOREL 75гр/м2,  8х12м (2)",Тенты и накидки,https://images2.exist.ua/media/images/products/2018/12/5332478_60697446.jpg,
"Тент VOREL 57гр/м2,  6х10м (3)",Тенты и накидки,https://images2.exist.ua/media/images/products/2018/12/5332485_60697436.jpg,
Тент автомобильный  для внедорожников M Серый,Тенты и накидки,https://images2.exist.ua/media/images/products/3743/59534934/4934506.jpg,
Покрытие,Тенты и накидки,https://images2.exist.ua/media/images/products/3221/322363/2185447.jpg,
Тент автомобильный  L Серый,Тенты и накидки,https://images2.exist.ua/media/images/products/3743/59534931/4934499.jpg,
